trade_id,type,event,entry,price,tp_level,roi_pct,pips,time
1591.0,LONG,OPEN,4576.31,4576.31,,,,2026-05-04 17:43:04
1591.0,LONG,SL_HIT,4576.31,4565.67,,-1.0,-100,2026-05-04 17:58:04
9685.0,SHORT,OPEN,4518.19,4518.19,,,,2026-05-04 19:35:05
9685.0,SHORT,TP_HIT,4518.19,4513.19,TP1,0.5,50,2026-05-04 19:43:05
9685.0,SHORT,TP_HIT,4518.19,4508.05,TP2,1.0,100,2026-05-04 19:54:04
9685.0,SHORT,SESSION_CLOSE,4518.19,4511.8,,1.0,100,2026-05-04 20:00:03
7473.0,SHORT,OPEN,4533.21,4533.21,,,,2026-05-05 08:00:05
7473.0,SHORT,SL_HIT,4533.21,4545.14,,-1.0,-100,2026-05-05 08:09:03
5168.0,LONG,OPEN,4544.78,4544.78,,,,2026-05-05 08:57:05
5168.0,LONG,SL_HIT,4544.78,4534.64,,-1.0,-100,2026-05-05 09:26:04
5685.0,LONG,OPEN,4550.57,4550.57,,,,2026-05-05 11:48:02
5685.0,LONG,TP_HIT,4550.57,4556.82,TP1,0.5,50,2026-05-05 11:54:03
2585,LONG,OPEN,4558.69,4558.69,,,,2026-05-05 15:09:02
2585,LONG,TP_HIT,4558.69,4564.45,TP1,0.5,50,2026-05-05 15:12:04
2585,LONG,TP_HIT,4558.69,4568.85,TP2,1,100,2026-05-05 15:24:05
2585,LONG,TP_HIT,4558.69,4579.65,TP3,2,200,2026-05-05 16:09:04
2585,LONG,SESSION_CLOSE,4558.69,4561.31,,2,200,2026-05-05 20:00:02
6506,LONG,OPEN,4659.39,4659.39,,,,2026-05-06 09:19:04
6506,LONG,TP_HIT,4659.39,4665.47,TP1,0.5,50,2026-05-06 09:26:02
6506,LONG,TP_HIT,4659.39,4669.84,TP2,1,100,2026-05-06 10:00:03
6506,LONG,TP_HIT,4659.39,4681.28,TP3,2,200,2026-05-06 11:00:03
6506,LONG,TP_HIT,4659.39,4711.25,TP4,5,500,2026-05-06 13:31:04
6506,LONG,ALL_TP_HIT,4659.39,4711.25,,5,500,2026-05-06 13:31:05
9191,LONG,OPEN,4712.56,4712.56,,,,2026-05-06 14:18:04
9191,LONG,SL_HIT,4712.56,4700.74,,-1,-100,2026-05-06 14:44:03
4481,SHORT,OPEN,4684.11,4684.11,,,,2026-05-06 15:35:03
4481,SHORT,TP_HIT,4684.11,4677.52,TP1,0.5,50,2026-05-06 15:55:02
4481,SHORT,TP_HIT,4684.11,4673.81,TP2,1,100,2026-05-06 16:09:05
4481,SHORT,SL_HIT,4684.11,4695.2,,-1,-100,2026-05-06 16:34:02
2959,LONG,OPEN,4706.8,4706.8,,,,2026-05-06 17:36:05
2959,LONG,TP_HIT,4706.8,4712.12,TP1,0.5,50,2026-05-06 17:43:05
2959,LONG,SL_HIT,4706.8,4694.88,,-1,-100,2026-05-06 18:14:02
4026,SHORT,OPEN,4686.77,4686.77,,,,2026-05-06 19:34:01
4026,SHORT,SESSION_CLOSE,4686.77,4683.07,,0.37000000000007277,37,2026-05-06 20:00:01
7053,LONG,OPEN,4735.98,4735.98,,,,2026-05-07 10:03:04
7053,LONG,TP_HIT,4735.98,4744.62,TP1,0.5,50,2026-05-07 10:08:03
7053,LONG,TP_HIT,4735.98,4747.93,TP2,1,100,2026-05-07 10:11:05
7053,LONG,SL_HIT,4735.98,4724.12,,-1,-100,2026-05-07 12:04:04
6920,LONG,OPEN,4736.24,4736.24,,,,2026-05-07 14:01:02
6920,LONG,TP_HIT,4736.24,4741.95,TP1,0.5,50,2026-05-07 14:57:01
6920,LONG,TP_HIT,4736.24,4746.73,TP2,1,100,2026-05-07 15:17:04
6920,LONG,TP_HIT,4736.24,4758.26,TP3,2,200,2026-05-07 16:34:05
6920,LONG,SL_HIT,4736.24,4724.64,,-1,-100,2026-05-07 19:02:05
7637,SHORT,OPEN,4718.33,4718.33,,,,2026-05-07 19:34:02
7637,SHORT,TP_HIT,4718.33,4711.99,TP1,0.5,50,2026-05-07 19:40:04
7637,SHORT,SESSION_CLOSE,4718.33,4715.09,,0.5,50,2026-05-07 20:00:00
7887,LONG,OPEN,4724.31,4724.31,,,,2026-05-08 09:08:02
7887,LONG,TP_HIT,4724.31,4729.34,TP1,0.5,50,2026-05-08 09:28:05
7887,LONG,TP_HIT,4724.31,4734.37,TP2,1,100,2026-05-08 09:30:02
7887,LONG,SL_HIT,4724.31,4713.62,,-1,-100,2026-05-08 10:22:01
2770,SHORT,OPEN,4710.65,4710.65,,,,2026-05-08 10:47:04
2770,SHORT,SL_HIT,4710.65,4721.21,,-1,-100,2026-05-08 11:24:02
3962,LONG,OPEN,4717.37,4717.37,,,,2026-05-08 12:06:04
3962,LONG,TP_HIT,4717.37,4722.39,TP1,0.5,50,2026-05-08 13:24:02
3962,LONG,SL_HIT,4717.37,4706.24,,-1,-100,2026-05-08 15:11:02
6349,SHORT,OPEN,4711.5,4711.5,,,,2026-05-08 15:32:04
6349,SHORT,SL_HIT,4711.5,4723.53,,-1,-100,2026-05-08 15:35:01
5752,LONG,OPEN,4724.24,4724.24,,,,2026-05-08 15:59:01
5752,LONG,TP_HIT,4724.24,4735.45,TP1,0.5,50,2026-05-08 16:31:03
5752,LONG,TP_HIT,4724.24,4735.45,TP2,1,100,2026-05-08 16:31:03
5752,LONG,TP_HIT,4724.24,4744.41,TP3,2,200,2026-05-08 16:52:04
5752,LONG,SL_HIT,4724.24,4713.79,,-1,-100,2026-05-08 17:54:04
2247,SHORT,OPEN,4710.12,4710.12,,,,2026-05-08 18:35:01
2247,SHORT,TP_HIT,4710.12,4704.9,TP1,0.5,50,2026-05-08 18:56:04
2247,SHORT,SESSION_CLOSE,4710.12,4712.44,,0.5,50,2026-05-08 20:00:00
7851,SHORT,OPEN,4674.06,4674.06,,,,2026-05-11 08:01:04
7851,SHORT,TP_HIT,4674.06,4665.24,TP1,0.5,50,2026-05-11 08:44:03
7851,SHORT,TP_HIT,4674.06,4662.73,TP2,1,100,2026-05-11 08:45:04
7851,SHORT,TP_HIT,4674.06,4648.81,TP3,2,200,2026-05-11 08:56:02
7851,SHORT,SL_HIT,4674.06,4685.39,,-1,-100,2026-05-11 15:23:04
6086,SHORT,OPEN,4714.64,4714.64,,,,2026-05-12 08:29:02
6086,SHORT,TP_HIT,4714.64,4708.38,TP1,0.5,50,2026-05-12 09:01:01
6086,SHORT,TP_HIT,4714.64,4704.64,TP2,1,100,2026-05-12 09:07:04
6086,SHORT,TP_HIT,4714.64,4694.46,TP3,2,200,2026-05-12 10:03:02
6086,SHORT,TP_HIT,4714.64,4664.45,TP4,5,500,2026-05-12 18:17:05
6086,SHORT,ALL_TP_HIT,4714.64,4664.45,,5,500,2026-05-12 18:17:06
8026,SHORT,OPEN,4663.65,4663.65,,,,2026-05-12 18:42:03
8026,SHORT,SL_HIT,4663.65,4674.49,,-1,-100,2026-05-12 19:17:05
